title,description,content,publishedAt,source
AI doesn’t just lie — it can make you believe it,"Memory manipulation, notes Pat Pataranutaporn, a researcher with the MIT Media Lab, is a very different process from fooling people with deep-fakes.","One of the more subtle and insidious threats posed by artificial intelligence and related technology is its ability to tamper with memories.
Psychologist Elizabeth Loftus has spent the last 50 years… [+572 chars]",2025-09-04T10:10:00Z,The Japan Times
Who’s winning the U.S.-China artificial intelligence race?,"The winner will most likely be the country that provides greater support for basic research, in which case China is better positioned for the long haul.","NEW HAVEN, Connecticut While no one has waved an official checkered flag in the Sino-American race for AI supremacy, the markets are betting that the United States will prevail.
The chipmaker Nvidia… [+735 chars]",2025-09-04T10:10:00Z,The Japan Times
Artificial intelligence helps break barriers for Hispanic homeownership,"For many Hispanics the road to homeownership is filled with obstacles, including loan officers who don’t speak Spanish or aren’t familiar with buyers who may not fit the boxes of a traditional mortgage applicant. Some mortgage experts are turning to artificia…","For many Hispanics the road to homeownership is filled with obstacles, including loan officers who dont speak Spanish or arent familiar with buyers who may not fit the boxes of a traditional mortgage… [+4803 chars]",2025-09-04T10:09:04Z,Financial Post
Presentation: Multidimensionality: Using Spatial Intelligence x Spatial Computing to Create New Worlds,"Erin Pañgilinan discusses the future of frontend and backend engineering, where XR and AI converge. She explains how the XR tech stack is evolving with foundation models and AI agents, enabling new use cases in spatial intelligence, code generation, and autom…","Transcript
Pangilinan: My name is Erin Pangilinan. The title of the session originally was multidimensionality. I know that's a really big word. It's really just about creating XR with AI. That's me… [+47173 chars]",2025-09-04T10:06:00Z,InfoQ.com
Agentic AI identity verification startup Vouched gets $17M to build trust in autonomous agents,An identity verification startup called Vouched Identity Inc. is turning its attention away from humans to focus on artificial intelligence agents after raising $17 million in a Series A round of funding today from Spring Rock Ventures. The startup has made a…,An identity verification startup called Vouched Identity Inc. is turning its attention away from humans to focus on artificial intelligence agents after raising $17 million in a Series A round of fun… [+6274 chars],2025-09-04T10:00:22Z,SiliconANGLE News
Police departments quietly disable AI-generated report safeguards,"Axon, a company that makes policing equipment, developed new software called Draft One that takes recordings from police cameras and uses artificial intelligence to summarize them into incident reports. Many police departments trying out the tool are not disc…","Body cameras have become a familiar part of police uniforms. Many are made by a company called Axon, it also makes other police equipment, including tasers. Axon developed new software called Draft O… [+643 chars]",2025-09-04T10:00:00Z,Marketplace.org
Quantum Computing Meets Finance,"Author(s): Rachel BerkowitzEric Ghysels made a name for himself in financial econometrics and time-series analysis. Now he translates financial models into quantum algorithms.[Physics 18, 154] Published Thu Sep 04, 2025",Economist Eric Ghysels has spent most of his career fascinated by a fundamental problem in the financial industry: figuring out how to put a price on any financial asset whose future value depends on… [+6627 chars],2025-09-04T10:00:00Z,Aps.org
Payment Gateway Technology Has Revolutionised Online Purchases,"Digital payments have revolutionised online purchases in more ways than one. Not only are they more convenient, but they are also more efficient and secure. For eCommerce businesses specifically, this has helped to change the landscape, while paving the way f…","Digital payments have revolutionised online purchases in more ways than one. Not only are they more convenient, but they are also more efficient and secure.
For eCommerce businesses specifically, th… [+3825 chars]",2025-09-04T10:00:00Z,Bitrebels.com
Samsung launches Galaxy S25 FE,"Samsung Group unveiled on Thursday the newest model of its artificial intelligence (AI)-powered smartphone, Galaxy S25 FE.As the company said in its online presentation, Galaxy S25 FE ""combines powerf...","Samsung Group unveiled on Thursday the newest model of its artificial intelligence (AI)-powered smartphone, Galaxy S25 FE.As the company said in its online presentation, Galaxy S25 FE ""combines power… [+69 chars]",2025-09-04T09:58:12Z,Biztoc.com
Samsung Galaxy S25 FE Brings Premium AI to Everyone at $649.99,"Samsung Galaxy S25 FE Brings Premium AI to Everyone at $649.99Finding an intelligent smartphone feels impossible without breaking the bank. Advanced AI features stay locked behind $1,000+ flagship prices, forcing people to choose between smart...","Finding an intelligent smartphone feels impossible without breaking the bank. Advanced AI features stay locked behind $1,000+ flagship prices, forcing people to choose between smart technology and fi… [+13240 chars]",2025-09-04T09:55:26Z,Yanko Design
"""What makes an AI system an agent?""","And what are the consequences of the growing population of AI agents? In ""Agentic culture"", I observed that today's ""AI agents"" have the same features that made ""Agent Based Models"", 50 years ago, a way to model the emergence and evolution of culture. And I e…","« previous post | 
And what are the consequences of the growing population of AI agents?
In ""Agentic culture"", I observed that today's ""AI agents"" have the same features that made ""Agent Based Mode… [+3250 chars]",2025-09-04T09:53:23Z,Upenn.edu
AI Security Takes Center Stage at Black Hat USA 2025,"The security landscape is undergoing yet another major shift, and nowhere was this more evident than at Black Hat USA 2025. As artificial intelligence (especially the agentic variety) becomes deeply embedded in enterprise systems, it’s creating both security …","The security landscape is undergoing yet another major shift, and nowhere was this more evident than at Black Hat USA 2025. As artificial intelligence (especially the agentic variety) becomes deeply … [+3046 chars]",2025-09-04T09:52:40Z,Oreilly.com
China's Xi meets with ASEAN leaders amid stronger regional presence at WWII parade,"Bilateral talks with leaders from Vietnam, Laos, Indonesia and Malaysia stressed closer economic cooperation and regional security - and in some cases, support for China’s Global Governance Initiative.","In talks with Laos Thongloun, Xi said the international and regional situation is undergoing complex changes, and both sides should view and manage bilateral relations with a long-term perspective an… [+1918 chars]",2025-09-04T09:49:19Z,CNA
How Can Leaders Be A Rock Of Stability In Times Of Uncertainty?,"In a storm, people don’t look for heroes, they look for someone who helps them feel safe enough to move forward. So how can leaders be that person?","How you show up is key to demonstrating stability
getty
Stability is one of the four most important foundations of good leadership, according to Gallup research titled Global Leadership Report: Wha… [+5995 chars]",2025-09-04T09:38:30Z,Forbes
Samsung unveils Galaxy S25 FE,"Samsung Group unveiled on Thursday the newest model of its artificial intelligence (AI)-powered smartphone, Galaxy S25 FE.More to come......","Samsung Group unveiled on Thursday the newest model of its artificial intelligence (AI)-powered smartphone, Galaxy S25 FE.More to come......
This story appeared on breakingthenews.net, 2025-09-04 09… [+6 chars]",2025-09-04T09:37:47Z,Biztoc.com
"Chinese companies could start making money from AI agents next year, UBS says","Chinese companies could start making money from their artificial intelligence agents – software systems that use AI to autonomously plan and perform complex tasks for users – as soon as next year, according to UBS.
“2026 is the year of agent monetisation in C…","Chinese companies could start making money from their artificial intelligence agents software systems that use AI to autonomously plan and perform complex tasks for users as soon as next year, accord… [+135 chars]",2025-09-04T09:37:23Z,Biztoc.com
"AI skills add nearly $18,000 a year to salaries — and not just in tech","While there's mounting concerns that artificial intelligence is replacing jobs, it's not all bad news for the labor market, particularly for workers with AI skills.
Rather than replacing roles with AI, many companies are hiring workers who can leverage artifi…","While there's mounting concerns that artificial intelligence is replacing jobs, it's not all bad news for the labor market, particularly for workers with AI skills.Rather than replacing roles with AI… [+143 chars]",2025-09-04T09:36:32Z,Biztoc.com
When AI predicts the next 10 World Cup winners ,"Artificial intelligence had some fun predicting the next world champions over 10 editions. Who will be the 10 winners up to 2062? Here is the verdict.  If we trust the predictions, the Albiceleste ...","Artificial intelligence had some fun predicting the next world champions.
Who will be the ten winners up to 2062? Here is the verdict.
If we trust the predictions, the Albiceleste would achieve a d… [+988 chars]",2025-09-04T09:34:00Z,Onefootball.com
Samsung Galaxy S25 FE Brings Galaxy AI to a Wider Audience,"Samsung has officially unveiled the Galaxy S25 FE at IFA 2025, positioning it as the most affordable entry point into the Galaxy S25 flagship ecosystem. Building on the popularity of the Galaxy S24 FE, which debuted in September 2024 alongside the Galaxy Tab …","Samsung has officially unveiled the Galaxy S25 FE at IFA 2025, positioning it as the most affordable entry point into the Galaxy S25 flagship ecosystem. Building on the popularity of the Galaxy S24 F… [+5363 chars]",2025-09-04T09:30:19Z,Ubergizmo
" Breaking: Scamacca pulls out, leaves Italy squad camp ❌","Bad news for the new coach Gattuso on the eve of the match between Italy and Estonia, scheduled for tomorrow evening in Bergamo. Watch the entire Serie BKT live with LaB Channel on OneFootball. Downl...","Bad news for the new coach Gattuso on the eve of the match between Italy and Estonia, scheduled for tomorrow evening in Bergamo.
Watch the entire Serie BKT live with LaB Channel on OneFootball. Down… [+1771 chars]",2025-09-04T09:28:00Z,Onefootball.com
"Therapies for Rheumatoid Arthritis Technologies and Global Markets Report 2024-2030: Opportunities Driven by Technological Advances, Emerging Targeted Therapies, and Rising Inorganic Growth Strategies","Discover comprehensive insights into the rheumatoid arthritis (RA) therapies market with our latest report. Analyzing market trends, it provides forecasts from 2026-2030, including CAGR, and covers regional markets such as North America, Europe, and Asia-Paci…","Dublin, Sept. 04, 2025 (GLOBE NEWSWIRE) -- The ""Therapies for Rheumatoid Arthritis: Technologies and Global Markets"" report has been added to ResearchAndMarkets.com's offering.
The global market for… [+7735 chars]",2025-09-04T09:28:00Z,GlobeNewswire
Meeting between the President of Russia and the Prime Minister of Pakistan,"Prime Minster of Pakistan Muhammad Shehbaz Sharif met with President of the Russian Federation Vladimir Putin in Beijing, China today.","Prime Miinister's Office - Islamic Republic of Pakistan
September 02, 2025
Beijing : 2 September, 2025
Meeting between the President of Russia and the Prime Minister of Pakistan
Prime Minster of … [+2262 chars]",2025-09-04T09:25:54Z,Globalsecurity.org
Official hails Iran's 'active diplomacy' during President Pezeshkian's SCO Summit attendance,"A senior Iranian diplomat has praised the Islamic Republic's application of an ""active and multilateral"" diplomatic approach during the annual Shanghai Cooperation Organization (SCO) Summit in China.","Iran Press TV
Wednesday, 03 September 2025 3:12 AM
A senior Iranian diplomat has praised the Islamic Republic's application of an ""active and multilateral"" diplomatic approach during the annual Sha… [+6238 chars]",2025-09-04T09:25:24Z,Globalsecurity.org
President Xi Jinping Meets with Indonesian President Prabowo Subianto,"On the afternoon of September 3, 2025, President Xi Jinping met at the Great Hall of the People in Beijing with Indonesian President Prabowo Subianto, who is in China specially for the commemoration of the 80th anniversary of the victory of the Chinese People…","Ministry of Foreign Affairs, the People's Republic of China
Updated: September 03, 2025 19:05
On the afternoon of September 3, 2025, PresidentâXi Jinpingâmet at the Great Hall of the People in … [+3406 chars]",2025-09-04T09:25:24Z,Globalsecurity.org
Xi meets Indonesian President Prabowo,"Chinese President Xi Jinping said on Wednesday that as major countries in the Global South, China and Indonesia should work together to oppose unilateral bullying, safeguard regional peace and stability, and uphold international fairness and justice.","Global Times
By Xinhua Published: Sep 03, 2025 05:43 PM Updated: Sep 03, 2025 08:32 PM
Chinese President Xi Jinping said on Wednesday that as major countries in the Global South, China and Indonesi… [+2388 chars]",2025-09-04T09:25:24Z,Globalsecurity.org
"China supports Iran's sovereignty, territorial integrity, and national dignity: Envoy","China's Ambassador to Iran, Cong Peiwu, says China supports Iran in safeguarding its sovereignty, territorial integrity, and national dignity, and defending its legitimate rights and interests through political negotiations.","IRNA - Islamic Republic News Agency
Sep 3, 2025
China's Ambassador to Iran, Cong Peiwu, says China supports Iran in safeguarding its sovereignty, territorial integrity, and national dignity, and de… [+8814 chars]",2025-09-04T09:25:24Z,Globalsecurity.org
"Walleye Capital LLC Has $283,000 Stock Position in Appian Corporation $APPN","Walleye Capital LLC lifted its stake in Appian Corporation (NASDAQ:APPN – Free Report) by 40.1% during the first quarter, according to the company in its most recent Form 13F filing with the SEC. The fund owned 9,809 shares of the company’s stock after acquir…","Walleye Capital LLC lifted its stake in Appian Corporation (NASDAQ:APPN – Free Report) by 40.1% during the first quarter, according to the company in its most recent Form 13F filing with the SEC. The… [+5151 chars]",2025-09-04T09:17:04Z,ETF Daily News
Coventry council to review Palantir contract after protests about IDF link,"Unions and workers oppose £500,000-a-year deal with firm that also provides technology to Israeli military
The first UK council to appoint the US technology company Palantir to deploy artificial intelligence (AI) into its systems is reviewing the contract aft…","Unions and workers oppose £500,000-a-year deal with firm that also provides technology to Israeli militaryThe first UK council to appoint the US technology company Palantir to deploy artificial intel… [+146 chars]",2025-09-04T09:16:13Z,Biztoc.com
How Manus AI is Redefining Autonomous Execution & The Future of Work,"What if the future of work wasn’t just smarter, but truly autonomous? Imagine a world where AI agents don’t just assist with tasks but orchestrate entire workflows across industries, adapting to complex environments with minimal human intervention. This is th…","What if the future of work wasnt just smarter, but truly autonomous? Imagine a world where AI agents dont just assist with tasks but orchestrate entire workflows across industries, adapting to comple… [+8630 chars]",2025-09-04T09:12:21Z,Geeky Gadgets
How Investors Think AI Will Actually Make Money,"An eyebrow-raising valuation of the company Anthropic provides a big hint on how investors think artificial intelligence will make money, John Herrman writes.","You might say that the biggest AI startups are led by professionally unreliable narrators, who theorize about the future of their companies  and their industry, and humanity in general with a variety… [+4545 chars]",2025-09-04T09:00:48Z,New York Magazine
It's the Worst Time to Be a College Graduate in Years,Newsweek spoke with recent graduates and labor market experts about the growing difficulty of getting a foot in the door post-college.,"A smoother path into the working world has for generations been considered commensurate payoff for the years of hard studying, internships and eyewatering debt required to emerge from college. But in… [+7378 chars]",2025-09-04T09:00:01Z,Newsweek
Morgan Stanley intern survey: How they use AI and what they think about it taking over their jobs,Morgan Stanley's annual intern survey reveals how Gen Z is using AI—and the chatbot they trust most.,"AI is coming for junior banker jobsVictor J. Blue/Bloomberg via Getty Images
<ul><li>More than 500 Morgan Stanley interns shared how they use and think about AI in a survey.</li><li>They revealed th… [+4517 chars]",2025-09-04T09:00:01Z,Business Insider
PLTR Stock: Buy Or Sell Palantir At $160?,"Although Palantir is still more than double its value year-to-date, there are a few concerns regarding the stock...","Palantir logo is seen at the International Defence Industry Exhibition in Kielce, Poland, on September 2, 2025. (Photo by Jakub Porzycki/NurPhoto via Getty Images)
NurPhoto via Getty Images
Palanti… [+4331 chars]",2025-09-04T09:00:00Z,Forbes
Fighting a Health Insurance Denial? Here Are 7 Tips To Help,"Many people don’t know they can fight a health insurance denial, let alone how to do it. Here are practical tips for consumers who want to appeal a prior authorization decision.","Lauren SausserWhen Sally Nix found out that her health insurance company wouldn’t pay for an expensive, doctor-recommended treatment to ease her neurological pain, she prepared for battle.
It took y… [+7123 chars]",2025-09-04T09:00:00Z,Kffhealthnews.org
AI boom can deliver $100 billion-plus deal: Barclays banker Andrew Woeber,"Barclays’ top banker Andrew Woeber expects a $100 billion-plus M&A deal within a year, citing rising confidence and aggressive investments by tech giants in AI. Companies globally have announced more than $1 trillion of deals since June, defying the normal sl…","The arms race in artificial intelligence has increased the likelihood of a $100 billion-plus M&amp;A deal by this time next year, according to the top dealmaker at Barclays Plc.There will be transact… [+2914 chars]",2025-09-04T08:58:14Z,The Times of India
Generative AI Research Report 2025-2030 | A Highly Fragmented $20+ Billion Market with Intense Competition Among SMEs and Regional Players,"Generative AI, which creates original content using advanced algorithms like neural networks, is transforming industries such as art, healthcare, and finance. Key growth drivers include the rise of VR/AR technologies, deployment of large language models (LLMs…","Dublin, Sept. 04, 2025 (GLOBE NEWSWIRE) -- The ""Generative AI Market: Analysis by Component, Technology, End User, and Region - Size, Trends and Forecasts to 2030"" report has been added to ResearchAn… [+10726 chars]",2025-09-04T08:56:00Z,GlobeNewswire
Google deletes net-zero pledge from sustainability website,"Five years ago, Google’s climate action ambitions were the gold standard for Big Tech. Then, with power demand spikes from AI data centres, in July it scrubbed its sustainability website of its 2030 net zero pledge.","Googles CEO Sundar Pichai stood smiling in a leafy-green California garden in September 2020 and declared that the IT behemoth was entering the most ambitious decade yet in its climate action.
Today… [+8149 chars]",2025-09-04T08:55:05Z,National Observer
"AI skills add nearly $18,000 a year to salaries — and not just in tech",More roles across various sectors require AI skills and employers are paying premium salaries to AI-literate workers.,"Artificial intelligence technology concept with text AI on electronic circuit board. 
While there's mounting concerns that artificial intelligence is replacing jobs, it's not all bad news for the la… [+4021 chars]",2025-09-04T08:48:20Z,CNBC
82% of Merchants to Expand Digital Wallet Use in 2025,"For all the talk about artificial intelligence and instant payments, the biggest change reshaping how businesses pay each other may be happening in accounts payable.
 
 
 
 
The PYMNTS Intelligence report “Virtual Mobility: How Mobile Virtual Cards Elevate B2…","For all the talk about artificial intelligence and instant payments, the biggest change reshaping how businesses pay each other may be happening in accounts payable.
The PYMNTS Intelligence report V… [+129 chars]",2025-09-04T08:45:54Z,Biztoc.com
universal-learning 1.2.2,Solomonoff induction and AIXI for universal artificial intelligence,"A required part of this site couldnt load. This may be due to a browser
 extension, network issues, or browser settings. Please check your
 connection, disable any ad blockers, or try using a diffe… [+12 chars]",2025-09-04T08:42:28Z,Pypi.org
Number of UK banks reporting AI-driven productivity improvements doubles,Survey shows that half of UK banks will increase spending on artificial intelligence as more see AI-related productivity gains,"The number of UK banks reporting productivity gains from artificial intelligence (AI) has doubled as projects move from pilots to production.
According to Lloyds Banking Groups latest Financial inst… [+3035 chars]",2025-09-04T08:41:00Z,ComputerWeekly.com
Quantum Surgical obtains CE mark approval to treat patients with bone tumors and lesions using its Epione® robot,A third of cancer patients suffer from bone metastasis A third of cancer patients suffer from bone metastasis,"Montpellier, Sept. 04, 2025 (GLOBE NEWSWIRE) --   
Montpellier, September 4th 2025 Quantum Surgical has obtained CE mark approval for the expanded use of its Epione® robotic platform in the treatmen… [+4024 chars]",2025-09-04T08:40:00Z,GlobeNewswire
#IJCAI2025 distinguished paper: Combining MORL with restraining bolts to learn normative behaviour,"Image provided by the authors – generated using Gemini. For many of us, artificial intelligence (AI) has become part of everyday life, and the rate at which we assign previously human roles to AI systems shows no signs of slowing down. AI systems are the cruc…","Image provided by the authors – generated using Gemini.
For many of us, artificial intelligence (AI) has become part of everyday life, and the rate at which we assign previously human roles to AI sy… [+10716 chars]",2025-09-04T08:38:07Z,Robohub.org
⚖️ Paquetá considers suing FA after failed City move,"Lucas Paquetá could sue the English Football Federation (FA) for the ""incalculable damage"" caused after the failed transfer to Manchester City, which did not materialize amid allegations of betting m...","Lucas Paquetá could sue the English Football Federation (FA) for the ""incalculable damage"" caused after the failed transfer to Manchester City, which did not materialize amid allegations of betting m… [+2183 chars]",2025-09-04T08:38:00Z,Onefootball.com
"Industrial Metaverse Market Research Report 2025-2030 | Automotive, Manufacturing, and Energy Sectors Propel Industrial Metaverse Growth as Nvidia, Siemens, and Microsoft Lead Innovation","The global industrial metaverse market, valued at $34.44 billion in 2024, is projected to surge to $181.04 billion by 2030, driven by the convergence of digital and physical industrial environments through technologies like AI, IoT, and digital twins. With a …","Dublin, Sept. 04, 2025 (GLOBE NEWSWIRE) -- The ""Industrial Metaverse Market: Analysis by Component, Application, Technology, End User, and Region - Size, Trends and Forecasts to 2030"" report has been… [+10537 chars]",2025-09-04T08:38:00Z,GlobeNewswire
"9,773 Shares in Appian Corporation $APPN Bought by Jump Financial LLC","Jump Financial LLC bought a new position in Appian Corporation (NASDAQ:APPN – Free Report) during the first quarter, according to its most recent filing with the SEC. The firm bought 9,773 shares of the company’s stock, valued at approximately $282,000. A num…","Jump Financial LLC bought a new position in Appian Corporation (NASDAQ:APPN – Free Report) during the first quarter, according to its most recent filing with the SEC. The firm bought 9,773 shares of … [+4921 chars]",2025-09-04T08:35:09Z,ETF Daily News
Artificial Intelligence Stocks To Watch Now – September 1st,"Snowflake, Salesforce, and ServiceNow are the three Artificial Intelligence stocks to watch today, according to MarketBeat’s stock screener tool. Artificial intelligence stocks are shares of publicly traded companies whose primary business involves developing…","Snowflake, Salesforce, and ServiceNow are the three Artificial Intelligence stocks to watch today, according to MarketBeat’s stock screener tool. Artificial intelligence stocks are shares of publicly… [+2041 chars]",2025-09-04T08:32:54Z,ETF Daily News
